Date,demand_twh,fossil_share_pct,clean_share_pct,co2_intensity_g_per_kwh
2000-01-01,13.3,71.8,28.2,597.74
2000-02-01,11.7,70.34,29.66,578.63
2000-03-01,13.88,74.27,25.72,611.67
2000-04-01,13.84,78.25,21.76,648.84
2000-05-01,15.59,77.3,22.71,638.23
2000-06-01,16.55,75.17,24.83,627.8
2000-07-01,17.68,76.53,23.47,636.88
2000-08-01,17.14,76.66,23.34,637.69
2000-09-01,15.84,78.35,21.65,657.2
2000-10-01,16.27,79.17,20.83,655.19
2000-11-01,14.46,77.93,22.07,650.07
2000-12-01,14.28,73.67,26.33,619.05
2001-01-01,13.11,70.41,29.59,592.68
2001-02-01,12.98,74.72,25.27,624.81
2001-03-01,14.72,79.62,20.37,658.97
2001-04-01,14.61,85.9,14.1,711.84
2001-05-01,15.78,80.49,19.52,679.34
2001-06-01,16.68,75.0,25.0,631.89
2001-07-01,18.0,78.22,21.78,651.11
2001-08-01,18.64,78.17,21.84,645.92
2001-09-01,15.7,78.98,21.02,667.52
2001-10-01,15.49,77.08,22.92,642.35
2001-11-01,14.3,76.51,23.5,649.65
2001-12-01,14.4,77.57,22.44,659.03
2002-01-01,13.94,72.67,27.34,613.34
2002-02-01,12.12,71.13,28.88,601.49
2002-03-01,15.02,76.5,23.5,643.81
2002-04-01,15.86,80.07,19.92,660.78
2002-05-01,17.24,81.03,18.96,674.01
2002-06-01,17.61,78.98,21.01,658.72
2002-07-01,19.01,78.17,21.83,648.61
2002-08-01,19.27,78.77,21.23,655.42
2002-09-01,17.23,79.51,20.49,669.76
2002-10-01,16.89,78.75,21.26,657.79
2002-11-01,15.41,78.78,21.22,658.01
2002-12-01,15.59,79.98,20.01,671.58
2003-01-01,15.14,74.58,25.43,634.74
2003-02-01,13.54,74.15,25.85,628.51
2003-03-01,15.68,79.02,20.99,667.73
2003-04-01,16.19,81.35,18.66,681.29
2003-05-01,17.43,82.27,17.72,689.62
2003-06-01,17.53,78.55,21.45,665.72
2003-07-01,20.7,80.48,19.51,662.32
2003-08-01,20.23,80.17,19.82,660.41
2003-09-01,18.76,81.61,18.39,675.91
2003-10-01,17.47,79.34,20.66,669.72
2003-11-01,16.3,80.31,19.69,672.39
2003-12-01,16.23,78.5,21.51,658.66
2004-01-01,15.28,75.66,24.35,643.33
2004-02-01,15.06,77.22,22.77,656.71
2004-03-01,16.8,78.45,21.54,650.0
2004-04-01,16.87,80.68,19.33,663.31
2004-05-01,19.19,79.1,20.9,651.38
2004-06-01,19.36,79.59,20.4,660.64
2004-07-01,20.65,80.53,19.47,661.99
2004-08-01,20.75,81.21,18.79,666.02
2004-09-01,19.21,82.14,17.86,680.38
2004-10-01,17.83,81.99,18.0,684.8
2004-11-01,17.1,81.35,18.66,671.93
2004-12-01,16.96,80.31,19.7,666.27
2005-01-01,16.87,76.53,23.48,649.67
2005-02-01,14.47,76.09,23.92,652.38
2005-03-01,17.21,78.44,21.55,666.47
2005-04-01,17.49,79.64,20.35,663.24
2005-05-01,19.63,80.74,19.25,663.78
2005-06-01,19.68,79.07,20.94,658.03
2005-07-01,21.33,80.87,19.12,662.92
2005-08-01,21.33,80.59,19.41,661.51
2005-09-01,20.26,83.9,16.1,681.15
2005-10-01,19.38,81.79,18.21,665.64
2005-11-01,18.17,82.61,17.4,679.69
2005-12-01,17.83,79.3,20.69,661.81
2006-01-01,17.29,77.27,22.73,651.24
2006-02-01,15.64,79.34,20.65,666.24
2006-03-01,18.0,81.45,18.56,671.67
2006-04-01,18.45,81.69,18.31,680.76
2006-05-01,20.11,82.35,17.66,682.75
2006-06-01,20.52,81.33,18.67,669.1
2006-07-01,22.4,81.17,18.83,668.75
2006-08-01,22.45,81.21,18.78,659.24
2006-09-01,20.31,81.88,18.12,677.99
2006-10-01,19.8,81.87,18.12,678.28
2006-11-01,18.49,80.97,19.03,670.63
2006-12-01,18.16,77.64,22.36,648.68
2007-01-01,18.31,77.23,22.77,647.73
2007-02-01,15.56,77.89,22.1,654.24
2007-03-01,18.91,80.85,19.15,672.66
2007-04-01,18.43,80.85,19.15,676.07
2007-05-01,21.03,82.37,17.64,678.55
2007-06-01,21.28,80.69,19.31,664.0
2007-07-01,23.88,82.45,17.55,664.99
2007-08-01,22.48,81.26,18.73,669.48
2007-09-01,20.89,83.01,16.99,685.97
2007-10-01,20.5,82.54,17.46,679.51
2007-11-01,18.79,81.33,18.69,671.1
2007-12-01,19.1,78.74,21.26,657.59
2008-01-01,19.13,78.41,21.6,658.13
2008-02-01,16.97,76.25,23.75,642.9
2008-03-01,19.32,81.01,19.01,663.56
2008-04-01,19.28,82.42,17.59,664.42
2008-05-01,20.95,82.44,17.56,677.8
2008-06-01,21.13,81.16,18.83,662.09
2008-07-01,22.38,81.1,18.9,658.18
2008-08-01,22.49,80.53,19.47,653.62
2008-09-01,20.36,79.82,20.19,651.77
2008-10-01,19.7,80.05,19.94,646.19
2008-11-01,16.89,81.11,18.89,666.67
2008-12-01,16.24,79.87,20.13,669.34
2009-01-01,15.0,72.8,27.2,631.33
2009-02-01,15.14,75.17,24.84,632.76
2009-03-01,17.29,79.07,20.93,663.97
2009-04-01,17.44,79.12,20.87,662.27
2009-05-01,19.09,80.98,19.01,664.75
2009-06-01,20.32,79.97,20.03,655.51
2009-07-01,22.31,81.68,18.33,658.45
2009-08-01,21.99,80.35,19.65,652.57
2009-09-01,21.52,80.99,19.01,652.88
2009-10-01,19.72,79.87,20.13,659.74
2009-11-01,18.3,82.89,17.11,681.42
2009-12-01,18.57,79.05,20.94,661.28
2010-01-01,18.62,78.53,21.48,651.99
2010-02-01,16.25,75.94,24.06,632.0
2010-03-01,19.41,79.29,20.71,641.94
2010-04-01,18.98,81.88,18.13,659.12
2010-05-01,21.12,82.15,17.84,657.67
2010-06-01,21.02,81.2,18.79,656.99
2010-07-01,23.67,81.58,18.42,644.7
2010-08-01,23.63,82.1,17.9,650.44
2010-09-01,21.59,81.1,18.9,653.08
2010-10-01,20.98,82.03,17.96,663.01
2010-11-01,19.12,80.28,19.71,660.04
2010-12-01,19.57,80.63,19.36,663.77
2011-01-01,19.64,78.01,21.99,635.44
2011-02-01,16.93,77.03,22.98,637.33
2011-03-01,19.99,79.69,20.31,652.33
2011-04-01,19.41,81.56,18.43,662.03
2011-05-01,21.1,83.13,16.86,666.83
2011-06-01,22.51,81.61,18.39,651.71
2011-07-01,23.73,81.88,18.12,648.13
2011-08-01,24.05,83.33,16.67,657.8
2011-09-01,21.73,81.41,18.6,655.78
2011-10-01,21.01,81.16,18.85,652.55
2011-11-01,19.74,79.69,20.31,648.94
2011-12-01,19.46,79.09,20.9,651.08
2012-01-01,18.28,75.5,24.51,618.71
2012-02-01,18.35,77.06,22.95,622.34
2012-03-01,20.01,79.51,20.49,650.68
2012-04-01,20.09,83.47,16.53,669.99
2012-05-01,21.66,85.46,14.54,674.52
2012-06-01,21.51,82.15,17.85,659.69
2012-07-01,23.96,81.72,18.28,650.25
2012-08-01,22.79,80.13,19.88,644.58
2012-09-01,21.41,80.1,19.9,641.76
2012-10-01,20.67,80.26,19.74,648.28
2012-11-01,19.35,81.08,18.92,658.92
2012-12-01,19.29,80.04,19.95,643.86
2013-01-01,19.51,77.04,22.96,621.22
2013-02-01,16.61,78.02,21.98,637.57
2013-03-01,19.92,80.52,19.48,644.08
2013-04-01,19.38,79.72,20.27,642.93
2013-05-01,21.62,79.97,20.02,637.84
2013-06-01,22.52,83.21,16.79,652.75
2013-07-01,23.81,81.78,18.23,649.73
2013-08-01,23.84,81.21,18.79,644.72
2013-09-01,21.59,79.15,20.84,639.65
2013-10-01,20.98,79.6,20.4,642.52
2013-11-01,19.64,81.31,18.69,657.84
2013-12-01,19.68,80.14,19.86,650.92
2014-01-01,19.51,78.21,21.78,640.19
2014-02-01,17.42,76.75,23.24,634.9
2014-03-01,20.1,80.75,19.26,654.23
2014-04-01,20.2,83.91,16.1,672.77
2014-05-01,22.05,81.86,18.14,648.53
2014-06-01,22.8,81.02,18.99,642.54
2014-07-01,25.18,81.72,18.27,640.19
2014-08-01,24.43,81.7,18.28,646.75
2014-09-01,23.63,83.75,16.24,655.52
2014-10-01,21.55,81.39,18.61,641.76
2014-11-01,19.84,78.68,21.32,628.53
2014-12-01,20.12,79.67,20.32,636.18
2015-01-01,19.77,80.08,19.92,644.41
2015-02-01,17.1,79.23,20.76,635.67
2015-03-01,20.29,81.57,18.43,648.1
2015-04-01,20.22,85.27,14.74,668.65
2015-05-01,22.26,87.38,12.62,669.81
2015-06-01,23.83,83.38,16.62,644.99
2015-07-01,24.45,83.88,16.12,648.67
2015-08-01,23.33,81.79,18.21,641.23
2015-09-01,21.75,81.01,18.98,638.16
2015-10-01,21.76,80.47,19.53,625.0
2015-11-01,20.3,83.5,16.5,656.65
2015-12-01,20.04,86.67,13.33,684.13
2016-01-01,19.84,80.69,19.3,637.6
2016-02-01,17.46,76.69,23.31,616.27
2016-03-01,20.23,78.1,21.9,631.74
2016-04-01,20.45,81.17,18.83,642.54
2016-05-01,22.87,85.08,14.91,657.63
2016-06-01,23.68,85.69,14.32,664.7
2016-07-01,24.99,86.23,13.76,668.27
2016-08-01,24.85,87.0,12.99,670.83
2016-09-01,22.11,85.43,14.56,671.64
2016-10-01,22.98,86.47,13.54,668.41
2016-11-01,20.65,87.46,12.54,681.84
2016-12-01,20.72,88.23,11.78,686.29
2017-01-01,19.8,87.88,12.12,687.37
2017-02-01,18.26,87.13,12.87,691.13
2017-03-01,20.85,87.72,12.28,694.48
2017-04-01,20.48,90.82,9.18,719.73
2017-05-01,22.76,91.7,8.31,710.9
2017-06-01,23.76,88.09,11.9,686.03
2017-07-01,25.42,88.04,11.96,678.99
2017-08-01,26.02,88.31,11.68,675.25
2017-09-01,24.5,89.11,10.89,682.45
2017-10-01,23.2,86.77,13.24,674.14
2017-11-01,21.09,86.35,13.65,668.09
2017-12-01,20.84,85.98,14.02,660.75
2018-01-01,21.19,85.47,14.53,660.69
2018-02-01,18.33,84.72,15.27,656.85
2018-03-01,21.49,86.37,13.63,659.38
2018-04-01,21.27,90.26,9.74,695.82
2018-05-01,24.74,90.23,9.78,699.68
2018-06-01,24.34,86.73,13.27,677.08
2018-07-01,24.59,85.31,14.68,664.5
2018-08-01,25.66,85.73,14.26,669.91
2018-09-01,23.95,84.1,15.91,664.3
2018-10-01,22.59,84.9,15.1,664.9
2018-11-01,22.63,87.45,12.55,682.72
2018-12-01,21.36,86.57,13.44,673.69
2019-01-01,21.25,84.0,16.0,645.65
2019-02-01,18.2,81.48,18.52,632.97
2019-03-01,21.46,82.84,17.15,644.46
2019-04-01,21.65,85.69,14.32,659.12
2019-05-01,23.28,84.58,15.43,665.38
2019-06-01,23.94,82.58,17.42,656.64
2019-07-01,26.13,84.85,15.15,662.07
2019-08-01,25.99,83.77,16.25,662.56
2019-09-01,23.27,82.99,17.01,650.19
2019-10-01,23.12,84.34,15.65,648.36
2019-11-01,21.22,85.2,14.8,636.19
2019-12-01,21.42,82.59,17.41,621.85
2020-01-01,20.41,82.02,17.98,623.22
2020-02-01,20.13,83.06,16.94,629.41
2020-03-01,21.82,85.7,14.3,650.78
2020-04-01,20.73,84.71,15.3,651.71
2020-05-01,23.63,86.38,13.62,666.1
2020-06-01,24.99,84.27,15.72,655.06
2020-07-01,26.82,85.23,14.76,664.43
2020-08-01,25.99,85.34,14.67,666.03
2020-09-01,24.62,85.06,14.95,666.94
2020-10-01,23.28,81.74,18.26,625.43
2020-11-01,22.24,83.05,16.96,625.9
2020-12-01,22.34,85.54,14.46,643.69
2021-01-01,22.22,82.67,17.33,624.21
2021-02-01,18.97,81.34,18.67,623.62
2021-03-01,22.63,82.55,17.45,623.07
2021-04-01,22.35,85.14,14.86,651.9
2021-05-01,25.92,86.66,13.35,668.6
2021-06-01,25.51,84.71,15.29,656.21
2021-07-01,27.31,87.59,12.42,674.48
2021-08-01,26.59,86.92,13.08,672.06
2021-09-01,26.18,87.06,12.96,674.18
2021-10-01,25.25,84.99,15.01,641.19
2021-11-01,22.63,87.85,12.15,655.77
2021-12-01,22.69,85.54,14.46,639.05
2022-01-01,22.29,84.2,15.8,628.08
2022-02-01,19.86,82.07,17.92,621.35
2022-03-01,22.82,87.16,12.84,654.69
2022-04-01,22.71,83.89,16.12,643.33
2022-05-01,24.18,83.22,16.79,638.13
2022-06-01,25.45,84.21,15.79,643.22
2022-07-01,27.83,86.13,13.88,655.77
2022-08-01,27.22,86.89,13.12,662.01
2022-09-01,24.43,84.03,15.96,633.24
2022-10-01,23.82,82.37,17.63,617.55
2022-11-01,22.47,84.77,15.22,641.3
2022-12-01,22.27,84.1,15.89,624.61
2023-01-01,20.42,81.39,18.61,606.27
2023-02-01,19.67,81.59,18.4,600.41
2023-03-01,21.87,83.85,16.14,625.97
2023-04-01,21.69,88.52,11.47,676.81
2023-05-01,23.92,87.54,12.45,671.82
2023-06-01,25.23,87.24,12.76,676.18
2023-07-01,27.06,87.25,12.75,670.36
2023-08-01,26.48,86.44,13.56,659.37
2023-09-01,25.39,85.03,14.97,653.01
2023-10-01,23.92,83.44,16.56,630.02
2023-11-01,21.93,84.17,15.82,627.0
2023-12-01,22.18,83.59,16.41,614.07
2024-01-01,21.42,84.65,15.35,617.65
2024-02-01,19.4,81.96,18.03,611.34
2024-03-01,22.3,83.28,16.73,627.35
2024-04-01,22.97,85.25,14.75,639.97
2024-05-01,24.54,84.31,15.69,640.59
2024-06-01,25.61,84.42,15.59,634.91
2024-07-01,27.44,86.52,13.47,648.69
2024-08-01,27.05,87.57,12.42,654.34
2024-09-01,26.32,87.08,12.93,653.12
2024-10-01,24.31,85.93,14.06,635.54
2024-11-01,22.2,86.67,13.33,635.14
2024-12-01,22.41,83.36,16.65,609.55
2025-01-01,21.22,83.27,16.72,604.15
2025-02-01,19.8,82.53,17.48,596.97
2025-03-01,21.93,83.58,16.42,610.12
2025-04-01,22.08,85.28,14.72,627.72
2025-05-01,24.68,87.03,12.96,639.38
2025-06-01,25.74,89.54,10.45,656.95
2025-07-01,26.83,89.49,10.51,656.36
2025-08-01,26.88,89.92,10.08,658.85
2025-09-01,26.36,91.39,8.62,670.33
2025-10-01,25.72,88.56,11.43,631.03
2025-11-01,22.27,84.55,15.45,599.91
2025-12-01,22.29,85.42,14.58,617.32
2026-01-01,22.34,85.5,14.49,
2026-02-01,19.09,86.58,13.4,
2026-03-01,22.51,86.1,13.9,
