Date,t_taipei_c,t_taichung_c,t_kaohsiung_c,t_national_avg_c,cooling_degrees,heating_degrees
2000-01-01,17.7,17.45,21.62,18.923333333333332,0.0,0.0
2000-02-01,17.16,17.04,20.94,18.38,0.0,0.0
2000-03-01,19.86,19.79,22.85,20.833333333333332,0.0,0.0
2000-04-01,21.89,22.79,24.89,23.189999999999998,0.0,0.0
2000-05-01,24.1,24.84,26.66,25.2,1.1999999999999993,0.0
2000-06-01,27.0,26.31,28.3,27.203333333333333,3.203333333333333,0.0
2000-07-01,27.64,26.73,28.77,27.713333333333335,3.7133333333333347,0.0
2000-08-01,27.42,25.91,28.21,27.179999999999996,3.179999999999996,0.0
2000-09-01,25.74,25.08,27.76,26.19333333333333,2.1933333333333316,0.0
2000-10-01,25.03,25.52,27.67,26.073333333333334,2.073333333333334,0.0
2000-11-01,22.24,22.43,25.08,23.25,0.0,0.0
2000-12-01,19.87,19.56,23.38,20.936666666666667,0.0,0.0
2001-01-01,17.78,17.51,22.18,19.15666666666667,0.0,0.0
2001-02-01,18.37,18.8,22.34,19.83666666666667,0.0,0.0
2001-03-01,19.31,20.21,23.18,20.9,0.0,0.0
2001-04-01,21.89,22.79,25.2,23.293333333333333,0.0,0.0
2001-05-01,24.46,25.1,27.2,25.58666666666667,1.5866666666666696,0.0
2001-06-01,27.11,25.96,28.6,27.223333333333333,3.2233333333333327,0.0
2001-07-01,27.82,26.64,28.37,27.61,3.6099999999999994,0.0
2001-08-01,28.4,27.42,29.25,28.356666666666666,4.356666666666666,0.0
2001-09-01,26.17,25.4,27.76,26.44333333333333,2.4433333333333316,0.0
2001-10-01,23.45,23.84,26.28,24.52333333333333,0.5233333333333299,0.0
2001-11-01,20.69,20.45,24.41,21.849999999999998,0.0,0.0
2001-12-01,18.4,18.64,22.66,19.900000000000002,0.0,0.0
2002-01-01,16.63,16.61,21.62,18.286666666666665,0.0,0.0
2002-02-01,17.91,17.88,21.79,19.19333333333333,0.0,0.0
2002-03-01,20.78,21.66,23.48,21.973333333333333,0.0,0.0
2002-04-01,23.55,24.86,25.76,24.723333333333333,0.7233333333333327,0.0
2002-05-01,25.41,25.85,26.92,26.060000000000002,2.0600000000000023,0.0
2002-06-01,27.28,26.11,28.13,27.173333333333332,3.173333333333332,0.0
2002-07-01,27.86,26.79,28.97,27.873333333333335,3.873333333333335,0.0
2002-08-01,27.73,26.74,28.75,27.74,3.7399999999999984,0.0
2002-09-01,26.24,25.68,28.05,26.656666666666666,2.6566666666666663,0.0
2002-10-01,24.32,24.79,27.16,25.423333333333332,1.423333333333332,0.0
2002-11-01,21.15,21.25,24.88,22.426666666666666,0.0,0.0
2002-12-01,19.12,19.33,23.41,20.62,0.0,0.0
2003-01-01,16.27,15.87,21.21,17.783333333333335,0.0,0.216666666666665
2003-02-01,17.87,18.59,22.35,19.603333333333335,0.0,0.0
2003-03-01,18.35,19.73,22.77,20.28333333333333,0.0,0.0
2003-04-01,22.65,24.16,25.56,24.123333333333335,0.12333333333333485,0.0
2003-05-01,24.31,25.81,27.08,25.73333333333333,1.7333333333333307,0.0
2003-06-01,25.9,25.72,27.34,26.319999999999997,2.3199999999999967,0.0
2003-07-01,28.81,28.2,29.07,28.69333333333333,4.693333333333332,0.0
2003-08-01,28.51,27.68,28.89,28.36,4.359999999999999,0.0
2003-09-01,26.93,27.54,28.26,27.576666666666668,3.576666666666668,0.0
2003-10-01,23.91,24.67,26.63,25.069999999999997,1.0699999999999967,0.0
2003-11-01,22.26,23.48,25.2,23.646666666666665,0.0,0.0
2003-12-01,18.13,18.0,22.51,19.546666666666667,0.0,0.0
2004-01-01,16.19,16.46,20.93,17.860000000000003,0.0,0.13999999999999702
2004-02-01,17.95,17.87,21.21,19.01,0.0,0.0
2004-03-01,17.95,19.51,22.25,19.903333333333332,0.0,0.0
2004-04-01,21.31,22.74,25.28,23.11,0.0,0.0
2004-05-01,25.19,26.06,27.39,26.213333333333335,2.2133333333333347,0.0
2004-06-01,25.99,26.88,28.04,26.97,2.969999999999999,0.0
2004-07-01,27.58,26.42,28.5,27.5,3.5,0.0
2004-08-01,27.95,26.79,28.76,27.833333333333332,3.833333333333332,0.0
2004-09-01,26.27,25.37,28.07,26.570000000000004,2.570000000000004,0.0
2004-10-01,22.68,21.93,26.03,23.546666666666667,0.0,0.0
2004-11-01,21.49,22.42,25.22,23.043333333333333,0.0,0.0
2004-12-01,19.01,18.4,22.28,19.896666666666665,0.0,0.0
2005-01-01,16.0,15.66,20.04,17.233333333333334,0.0,0.7666666666666657
2005-02-01,16.87,17.54,21.35,18.586666666666666,0.0,0.0
2005-03-01,17.04,17.27,21.39,18.566666666666666,0.0,0.0
2005-04-01,22.12,22.71,25.22,23.349999999999998,0.0,0.0
2005-05-01,25.24,25.19,27.56,25.996666666666666,1.9966666666666661,0.0
2005-06-01,26.86,25.65,27.98,26.83,2.8299999999999983,0.0
2005-07-01,27.67,26.75,28.48,27.633333333333336,3.6333333333333364,0.0
2005-08-01,27.42,26.43,28.33,27.393333333333334,3.3933333333333344,0.0
2005-09-01,26.59,26.59,28.62,27.266666666666666,3.2666666666666657,0.0
2005-10-01,24.15,24.47,27.07,25.23,1.2300000000000004,0.0
2005-11-01,22.32,22.66,25.41,23.463333333333335,0.0,0.0
2005-12-01,17.33,17.68,21.61,18.87333333333333,0.0,0.0
2006-01-01,17.73,17.66,21.39,18.926666666666666,0.0,0.0
2006-02-01,17.92,19.01,22.32,19.750000000000004,0.0,0.0
2006-03-01,19.01,20.04,22.97,20.673333333333332,0.0,0.0
2006-04-01,22.59,23.27,25.81,23.89,0.0,0.0
2006-05-01,24.89,24.78,27.54,25.736666666666668,1.7366666666666681,0.0
2006-06-01,26.69,25.51,28.35,26.850000000000005,2.850000000000005,0.0
2006-07-01,28.35,27.0,29.15,28.166666666666668,4.166666666666668,0.0
2006-08-01,27.91,26.77,28.76,27.813333333333333,3.8133333333333326,0.0
2006-09-01,26.4,25.72,28.14,26.75333333333333,2.7533333333333303,0.0
2006-10-01,24.54,25.29,27.26,25.69666666666667,1.696666666666669,0.0
2006-11-01,22.42,22.65,26.06,23.709999999999997,0.0,0.0
2006-12-01,18.97,18.97,23.5,20.48,0.0,0.0
2007-01-01,17.26,16.89,21.55,18.566666666666666,0.0,0.0
2007-02-01,19.09,18.74,23.03,20.286666666666665,0.0,0.0
2007-03-01,19.95,20.84,23.77,21.52,0.0,0.0
2007-04-01,20.91,22.14,24.68,22.576666666666664,0.0,0.0
2007-05-01,24.87,25.2,27.29,25.786666666666665,1.7866666666666653,0.0
2007-06-01,26.95,25.96,28.86,27.256666666666664,3.256666666666664,0.0
2007-07-01,28.78,27.28,29.68,28.580000000000002,4.580000000000002,0.0
2007-08-01,27.9,26.64,29.05,27.863333333333333,3.8633333333333333,0.0
2007-09-01,26.57,26.15,28.59,27.103333333333335,3.1033333333333353,0.0
2007-10-01,24.07,24.11,27.05,25.076666666666668,1.076666666666668,0.0
2007-11-01,20.91,21.19,24.9,22.333333333333332,0.0,0.0
2007-12-01,19.22,18.82,23.06,20.366666666666664,0.0,0.0
2008-01-01,17.33,18.13,22.48,19.313333333333333,0.0,0.0
2008-02-01,15.44,15.73,20.4,17.19,0.0,0.8099999999999987
2008-03-01,19.48,20.17,23.29,20.98,0.0,0.0
2008-04-01,21.99,23.68,25.66,23.776666666666667,0.0,0.0
2008-05-01,24.06,25.23,27.03,25.439999999999998,1.4399999999999977,0.0
2008-06-01,26.87,25.37,28.1,26.78,2.780000000000001,0.0
2008-07-01,28.03,26.5,28.58,27.703333333333333,3.703333333333333,0.0
2008-08-01,27.85,26.57,28.52,27.646666666666665,3.6466666666666647,0.0
2008-09-01,26.73,26.19,28.48,27.133333333333336,3.1333333333333364,0.0
2008-10-01,24.96,25.14,27.48,25.86,1.8599999999999994,0.0
2008-11-01,21.68,21.24,25.38,22.766666666666666,0.0,0.0
2008-12-01,18.79,18.19,23.1,20.026666666666667,0.0,0.0
2009-01-01,16.17,15.77,20.78,17.573333333333334,0.0,0.42666666666666586
2009-02-01,20.08,21.1,23.37,21.516666666666666,0.0,0.0
2009-03-01,19.11,20.28,23.16,20.849999999999998,0.0,0.0
2009-04-01,20.99,21.96,24.75,22.566666666666666,0.0,0.0
2009-05-01,24.2,24.75,26.68,25.209999999999997,1.2099999999999973,0.0
2009-06-01,26.74,26.09,28.02,26.95,2.9499999999999993,0.0
2009-07-01,28.31,27.55,28.88,28.246666666666666,4.246666666666666,0.0
2009-08-01,28.0,27.33,29.1,28.143333333333334,4.143333333333334,0.0
2009-09-01,27.25,27.52,29.4,28.05666666666666,4.056666666666661,0.0
2009-10-01,24.21,24.83,26.94,25.326666666666668,1.326666666666668,0.0
2009-11-01,21.37,21.81,24.59,22.59,0.0,0.0
2009-12-01,17.75,17.27,21.82,18.946666666666665,0.0,0.0
2010-01-01,17.43,17.18,21.82,18.81,0.0,0.0
2010-02-01,18.26,18.43,22.34,19.676666666666666,0.0,0.0
2010-03-01,19.7,20.72,23.89,21.436666666666667,0.0,0.0
2010-04-01,20.94,22.2,24.29,22.47666666666667,0.0,0.0
2010-05-01,24.53,25.42,26.8,25.583333333333332,1.5833333333333321,0.0
2010-06-01,25.88,25.34,27.84,26.353333333333335,2.3533333333333353,0.0
2010-07-01,28.24,26.61,29.27,28.039999999999996,4.039999999999996,0.0
2010-08-01,28.34,27.27,29.42,28.343333333333334,4.343333333333334,0.0
2010-09-01,27.19,26.31,28.58,27.36,3.3599999999999994,0.0
2010-10-01,24.13,23.97,27.0,25.03333333333333,1.0333333333333314,0.0
2010-11-01,20.94,20.43,24.35,21.906666666666666,0.0,0.0
2010-12-01,17.75,16.96,22.33,19.013333333333332,0.0,0.0
2011-01-01,14.64,15.02,19.6,16.42,0.0,1.5799999999999983
2011-02-01,17.31,17.01,21.42,18.580000000000002,0.0,0.0
2011-03-01,16.86,18.69,21.69,19.08,0.0,0.0
2011-04-01,20.94,22.25,23.95,22.38,0.0,0.0
2011-05-01,23.9,25.19,26.17,25.08666666666667,1.0866666666666696,0.0
2011-06-01,27.33,27.65,28.39,27.790000000000003,3.7900000000000027,0.0
2011-07-01,27.87,26.79,28.5,27.72,3.719999999999999,0.0
2011-08-01,28.11,27.11,29.05,28.09,4.09,0.0
2011-09-01,26.25,26.42,28.41,27.026666666666667,3.0266666666666673,0.0
2011-10-01,23.81,25.03,26.76,25.200000000000003,1.2000000000000028,0.0
2011-11-01,22.58,22.83,25.76,23.723333333333333,0.0,0.0
2011-12-01,17.58,17.7,21.65,18.976666666666667,0.0,0.0
2012-01-01,16.47,16.13,20.13,17.576666666666664,0.0,0.42333333333333556
2012-02-01,17.22,17.26,21.77,18.75,0.0,0.0
2012-03-01,19.55,20.41,24.1,21.353333333333335,0.0,0.0
2012-04-01,22.7,23.63,26.1,24.143333333333334,0.14333333333333442,0.0
2012-05-01,24.79,25.16,27.7,25.883333333333336,1.8833333333333364,0.0
2012-06-01,26.66,26.13,28.44,27.076666666666668,3.076666666666668,0.0
2012-07-01,28.05,26.87,28.91,27.94333333333333,3.9433333333333316,0.0
2012-08-01,27.64,26.37,28.49,27.5,3.5,0.0
2012-09-01,26.01,25.62,28.23,26.62,2.620000000000001,0.0
2012-10-01,23.31,23.73,26.42,24.486666666666668,0.48666666666666814,0.0
2012-11-01,21.11,21.81,25.13,22.683333333333334,0.0,0.0
2012-12-01,18.1,18.1,22.95,19.71666666666667,0.0,0.0
2013-01-01,16.92,16.28,21.24,18.146666666666665,0.0,0.0
2013-02-01,18.93,19.34,22.74,20.336666666666662,0.0,0.0
2013-03-01,19.79,20.61,23.65,21.349999999999998,0.0,0.0
2013-04-01,21.29,21.83,24.68,22.599999999999998,0.0,0.0
2013-05-01,24.47,24.64,27.07,25.393333333333334,1.3933333333333344,0.0
2013-06-01,27.52,26.46,29.13,27.703333333333333,3.703333333333333,0.0
2013-07-01,27.91,26.93,29.2,28.013333333333335,4.013333333333335,0.0
2013-08-01,28.21,27.0,29.16,28.123333333333335,4.123333333333335,0.0
2013-09-01,26.47,26.34,28.44,27.083333333333332,3.083333333333332,0.0
2013-10-01,23.79,23.89,26.47,24.71666666666667,0.7166666666666686,0.0
2013-11-01,20.92,21.69,24.58,22.396666666666665,0.0,0.0
2013-12-01,17.06,17.11,21.25,18.473333333333333,0.0,0.0
2014-01-01,16.89,16.01,21.27,18.05666666666667,0.0,0.0
2014-02-01,16.92,16.98,21.12,18.340000000000003,0.0,0.0
2014-03-01,18.61,19.61,22.17,20.13,0.0,0.0
2014-04-01,21.76,23.41,25.13,23.433333333333334,0.0,0.0
2014-05-01,24.51,24.74,27.2,25.483333333333334,1.4833333333333343,0.0
2014-06-01,26.87,26.25,28.82,27.313333333333333,3.3133333333333326,0.0
2014-07-01,28.64,28.07,29.84,28.849999999999998,4.849999999999998,0.0
2014-08-01,28.48,26.89,29.11,28.16,4.16,0.0
2014-09-01,28.06,27.28,29.16,28.166666666666668,4.166666666666668,0.0
2014-10-01,23.94,24.43,26.68,25.01666666666667,1.0166666666666693,0.0
2014-11-01,22.05,22.63,25.14,23.27333333333333,0.0,0.0
2014-12-01,17.03,17.53,21.6,18.720000000000002,0.0,0.0
2015-01-01,16.72,16.44,20.7,17.953333333333333,0.0,0.046666666666666856
2015-02-01,17.34,17.63,21.11,18.69333333333333,0.0,0.0
2015-03-01,19.28,20.37,23.07,20.90666666666667,0.0,0.0
2015-04-01,21.95,23.34,25.0,23.429999999999996,0.0,0.0
2015-05-01,25.16,25.34,27.51,26.003333333333334,2.003333333333334,0.0
2015-06-01,28.08,26.63,29.64,28.116666666666664,4.116666666666664,0.0
2015-07-01,28.33,27.26,28.99,28.19333333333333,4.193333333333332,0.0
2015-08-01,27.64,26.84,28.88,27.786666666666665,3.7866666666666653,0.0
2015-09-01,26.21,25.63,28.34,26.72666666666667,2.72666666666667,0.0
2015-10-01,24.24,24.67,27.32,25.409999999999997,1.4099999999999966,0.0
2015-11-01,22.83,23.35,26.1,24.093333333333334,0.09333333333333371,0.0
2015-12-01,19.07,19.36,23.06,20.496666666666666,0.0,0.0
2016-01-01,17.23,16.18,21.36,18.256666666666664,0.0,0.0
2016-02-01,16.19,15.57,20.65,17.47,0.0,0.5300000000000011
2016-03-01,18.02,17.78,22.05,19.28333333333333,0.0,0.0
2016-04-01,22.7,23.11,26.08,23.963333333333335,0.0,0.0
2016-05-01,25.62,25.38,28.13,26.376666666666665,2.376666666666665,0.0
2016-06-01,28.1,26.84,29.29,28.076666666666664,4.076666666666664,0.0
2016-07-01,28.57,27.51,29.74,28.606666666666666,4.606666666666666,0.0
2016-08-01,28.39,27.2,28.96,28.183333333333337,4.183333333333337,0.0
2016-09-01,26.89,26.34,28.47,27.233333333333334,3.2333333333333343,0.0
2016-10-01,25.81,25.76,28.13,26.566666666666666,2.5666666666666664,0.0
2016-11-01,22.53,22.45,25.91,23.63,0.0,0.0
2016-12-01,19.91,19.88,23.72,21.169999999999998,0.0,0.0
2017-01-01,18.31,18.52,22.11,19.646666666666665,0.0,0.0
2017-02-01,17.44,17.5,21.58,18.84,0.0,0.0
2017-03-01,18.45,19.6,23.16,20.403333333333332,0.0,0.0
2017-04-01,21.96,22.87,25.01,23.28,0.0,0.0
2017-05-01,24.61,25.21,27.13,25.650000000000002,1.6500000000000021,0.0
2017-06-01,27.22,26.2,29.02,27.48,3.4800000000000004,0.0
2017-07-01,28.62,27.54,29.75,28.636666666666667,4.636666666666667,0.0
2017-08-01,28.82,27.33,29.61,28.586666666666662,4.5866666666666625,0.0
2017-09-01,27.95,27.34,29.4,28.23,4.23,0.0
2017-10-01,25.21,25.63,28.0,26.28,2.280000000000001,0.0
2017-11-01,22.48,23.16,25.55,23.73,0.0,0.0
2017-12-01,18.48,18.6,22.34,19.80666666666667,0.0,0.0
2018-01-01,17.15,17.22,21.22,18.529999999999998,0.0,0.0
2018-02-01,16.7,16.77,20.76,18.076666666666668,0.0,0.0
2018-03-01,20.09,20.36,23.74,21.396666666666665,0.0,0.0
2018-04-01,22.43,23.7,25.19,23.77333333333333,0.0,0.0
2018-05-01,26.33,27.14,27.86,27.11,3.1099999999999994,0.0
2018-06-01,27.07,27.27,28.76,27.700000000000003,3.700000000000003,0.0
2018-07-01,28.12,27.05,29.25,28.14,4.140000000000001,0.0
2018-08-01,28.43,26.55,29.05,28.01,4.010000000000002,0.0
2018-09-01,27.14,26.2,28.36,27.233333333333334,3.2333333333333343,0.0
2018-10-01,23.4,23.41,26.48,24.430000000000003,0.43000000000000327,0.0
2018-11-01,22.4,22.8,25.55,23.583333333333332,0.0,0.0
2018-12-01,19.83,20.89,23.91,21.543333333333333,0.0,0.0
2019-01-01,18.8,18.9,23.0,20.233333333333334,0.0,0.0
2019-02-01,18.97,20.27,23.66,20.966666666666665,0.0,0.0
2019-03-01,19.93,20.55,23.99,21.49,0.0,0.0
2019-04-01,23.35,23.83,25.97,24.383333333333336,0.3833333333333364,0.0
2019-05-01,24.32,24.27,27.01,25.200000000000003,1.2000000000000028,0.0
2019-06-01,27.26,26.21,29.39,27.62,3.620000000000001,0.0
2019-07-01,28.68,27.03,29.75,28.486666666666668,4.486666666666668,0.0
2019-08-01,28.44,27.19,29.2,28.276666666666667,4.276666666666667,0.0
2019-09-01,26.5,26.03,28.34,26.956666666666667,2.956666666666667,0.0
2019-10-01,24.18,24.68,26.99,25.28333333333333,1.2833333333333314,0.0
2019-11-01,21.74,22.76,25.23,23.243333333333336,0.0,0.0
2019-12-01,19.07,19.07,22.49,20.209999999999997,0.0,0.0
2020-01-01,17.98,17.62,21.91,19.17,0.0,0.0
2020-02-01,18.72,18.72,22.75,20.063333333333333,0.0,0.0
2020-03-01,20.15,21.39,24.16,21.900000000000002,0.0,0.0
2020-04-01,20.62,21.7,24.46,22.26,0.0,0.0
2020-05-01,25.68,26.31,27.64,26.543333333333333,2.543333333333333,0.0
2020-06-01,28.42,26.72,29.64,28.26,4.260000000000002,0.0
2020-07-01,29.05,27.92,30.33,29.099999999999998,5.099999999999998,0.0
2020-08-01,28.54,27.29,29.59,28.473333333333333,4.473333333333333,0.0
2020-09-01,26.89,26.38,29.1,27.456666666666667,3.456666666666667,0.0
2020-10-01,24.36,25.92,27.74,26.006666666666664,2.006666666666664,0.0
2020-11-01,22.81,24.33,26.15,24.429999999999996,0.42999999999999616,0.0
2020-12-01,18.79,19.59,23.1,20.493333333333332,0.0,0.0
2021-01-01,16.27,15.83,20.35,17.483333333333334,0.0,0.5166666666666657
2021-02-01,19.07,18.75,21.86,19.893333333333334,0.0,0.0
2021-03-01,20.37,21.35,23.28,21.666666666666668,0.0,0.0
2021-04-01,22.09,24.31,25.24,23.88,0.0,0.0
2021-05-01,26.89,28.1,28.33,27.77333333333333,3.77333333333333,0.0
2021-06-01,28.09,26.52,29.04,27.883333333333336,3.8833333333333364,0.0
2021-07-01,28.48,27.23,29.44,28.383333333333336,4.383333333333336,0.0
2021-08-01,28.04,26.5,29.18,27.906666666666666,3.9066666666666663,0.0
2021-09-01,28.0,27.22,29.52,28.246666666666666,4.246666666666666,0.0
2021-10-01,25.28,25.7,28.28,26.42,2.4200000000000017,0.0
2021-11-01,21.62,21.99,25.34,22.983333333333334,0.0,0.0
2021-12-01,19.05,19.03,23.45,20.51,0.0,0.0
2022-01-01,17.92,17.99,22.39,19.433333333333334,0.0,0.0
2022-02-01,17.55,17.18,21.55,18.76,0.0,0.0
2022-03-01,21.0,21.64,24.38,22.34,0.0,0.0
2022-04-01,22.41,23.55,25.68,23.88,0.0,0.0
2022-05-01,23.77,24.53,26.74,25.013333333333332,1.0133333333333319,0.0
2022-06-01,27.57,26.11,29.14,27.606666666666666,3.6066666666666656,0.0
2022-07-01,29.14,28.24,29.9,29.093333333333334,5.093333333333334,0.0
2022-08-01,29.29,28.39,29.79,29.156666666666666,5.156666666666666,0.0
2022-09-01,27.09,27.63,28.94,27.886666666666667,3.8866666666666667,0.0
2022-10-01,24.55,26.38,27.64,26.189999999999998,2.1899999999999977,0.0
2022-11-01,23.43,24.72,26.08,24.74333333333333,0.7433333333333287,0.0
2022-12-01,17.97,18.61,22.72,19.766666666666666,0.0,0.0
2023-01-01,17.64,17.57,21.7,18.97,0.0,0.0
2023-02-01,18.35,19.13,22.61,20.03,0.0,0.0
2023-03-01,19.83,20.86,23.03,21.24,0.0,0.0
2023-04-01,22.27,23.77,25.01,23.683333333333334,0.0,0.0
2023-05-01,25.0,26.29,27.18,26.156666666666666,2.1566666666666663,0.0
2023-06-01,27.84,28.04,29.27,28.38333333333333,4.383333333333329,0.0
2023-07-01,29.32,29.21,30.02,29.516666666666666,5.516666666666666,0.0
2023-08-01,29.01,27.64,29.4,28.683333333333337,4.683333333333337,0.0
2023-09-01,27.66,27.57,28.98,28.070000000000004,4.070000000000004,0.0
2023-10-01,25.34,25.95,27.77,26.353333333333335,2.3533333333333353,0.0
2023-11-01,22.58,23.27,25.84,23.896666666666665,0.0,0.0
2023-12-01,19.64,20.54,23.64,21.273333333333333,0.0,0.0
2024-01-01,17.7,17.7,21.98,19.126666666666665,0.0,0.0
2024-02-01,18.58,19.17,22.85,20.2,0.0,0.0
2024-03-01,19.83,21.09,23.78,21.566666666666666,0.0,0.0
2024-04-01,24.8,25.67,27.11,25.86,1.8599999999999994,0.0
2024-05-01,24.92,25.92,27.86,26.233333333333334,2.2333333333333343,0.0
2024-06-01,27.65,27.25,29.55,28.150000000000002,4.150000000000002,0.0
2024-07-01,29.63,29.2,30.41,29.746666666666666,5.746666666666666,0.0
2024-08-01,29.12,27.65,29.76,28.843333333333334,4.843333333333334,0.0
2024-09-01,28.41,28.26,29.63,28.766666666666666,4.766666666666666,0.0
2024-10-01,25.84,26.35,27.79,26.659999999999997,2.6599999999999966,0.0
2024-11-01,22.42,23.15,25.95,23.84,0.0,0.0
2024-12-01,18.21,18.44,22.18,19.610000000000003,0.0,0.0
2025-01-01,16.63,15.8,20.46,17.63,0.0,0.370000000000001
2025-02-01,17.3,16.89,20.51,18.233333333333334,0.0,0.0
2025-03-01,19.59,20.05,23.29,20.976666666666667,0.0,0.0
2025-04-01,22.69,22.86,25.43,23.659999999999997,0.0,0.0
2025-05-01,25.58,25.69,28.08,26.45,2.4499999999999993,0.0
2025-06-01,27.98,27.01,29.32,28.103333333333335,4.103333333333335,0.0
2025-07-01,28.36,27.19,29.27,28.27333333333333,4.27333333333333,0.0
2025-08-01,28.47,27.05,29.26,28.26,4.260000000000002,0.0
2025-09-01,28.42,27.21,29.36,28.330000000000002,4.330000000000002,0.0
2025-10-01,26.68,26.38,28.34,27.133333333333336,3.1333333333333364,0.0
2025-11-01,22.67,22.77,25.29,23.576666666666664,0.0,0.0
2025-12-01,19.95,19.43,23.46,20.946666666666665,0.0,0.0
